LIBID,ZIP,POPU_LSA,MASTER,LIBRARIA,TOTSTAFF,LOCGVT,STGVT,TOTINCM,TOTEXPCO,TOTOPEXP,BKVOL,EBOOK,AUDIO_PH,VIDEO_PH,HRS_OPEN,VISITS,ELMATCIR,PHYSCIR,ELINFO,TOTCOLL,TOTPRO,KIDPRO,YAPRO,TOTATTEN,KIDATTEN,YAATTEN
KS0265,66963,62,0,0.25,0.25,5411,5604,11015,2438,10349,4000,151751,6,50,480,826,1,544,23,568,27,27,0,77,77,0
KS0291,67664,123,0,0.23,0.23,5402,6535,12736,809,8883,4491,151751,150,50,572,1338,1204,754,23,1981,20,13,6,70,54,8
KS0094,66942,84,0,0.25,0.25,4455,4992,9447,650,7990,5138,151751,0,155,520,1678,196,1621,79,1896,95,37,0,670,109,0
KS0194,67647,123,0,0.33,0.41,1335,6535,9970,1495,9198,2624,151751,52,188,802,1697,203,946,4,1153,69,41,8,332,262,10
KS0264,66964,108,0,0.25,0.25,7039,6231,15300,1575,11732,3535,151751,102,529,520,658,15,232,61,308,39,34,0,155,88,0
KS0104,67638,105,0,0,0,1501,30,1531,440,1833,7020,108101,9,0,312,247,0,759,0,759,0,0,0,0,0,0
KS0208,67556,249,0,0.44,0.44,22466,6171,31483,2192,15918,10821,151751,85,200,884,4500,121,1850,0,1971,38,13,0,54,29,0
KS0168,67644,158,0,0.68,0.98,3466,4845,8811,1351,5870,6287,151751,58,410,1404,1300,742,1025,61,1828,21,21,0,172,172,0
KS0023,67520,237,0.38,0.38,0.38,5150,6568,15229,973,16469,4145,151751,57,496,780,1428,213,1200,65,1478,27,15,1,111,46,11
KS0035,66936,330,0,0.53,0.53,17690,6594,24284,1552,23330,9168,151751,251,762,1092,2254,323,2194,78,2595,48,19,5,470,237,78
KS0247,67657,274,0,0.38,0.38,6024,7126,13569,187,15508,2499,151751,192,163,780,966,883,435,133,1451,40,24,1,176,88,1
KS0292,67481,272,0,0.38,0.38,9067,6578,16695,1912,15077,7206,151751,45,1254,728,5498,461,9885,0,10346,78,67,6,1339,1210,50
KS0089,67621,248,0,0.35,0.35,3865,6572,11037,1723,9928,1311,151997,113,582,728,2200,529,1088,51,1668,3,3,0,75,75,0
KS0174,66952,199,0,0.5,0.5,7711,6124,17765,885,18972,5294,151751,42,397,1040,2204,0,1162,87,1249,28,20,4,612,352,130
KS0064,66939,267,0,0.25,0.25,4933,6086,11019,2647,10494,5731,151751,0,212,526,2093,524,3365,32,3921,92,52,0,797,440,0
KS0151,66948,260,0,0.3,0.45,4938,8051,17192,2897,19421,5099,151751,21,469,624,1244,306,1021,39,1366,131,64,38,455,310,38
KS0120,67448,391,0,0.38,0.38,7947,5712,14140,555,12951,4295,151751,74,470,788,2100,110,2229,0,2339,60,48,0,1059,975,0
KS0243,67565,265,0,0.45,0.45,8640,6166,15644,879,16074,5553,151751,129,1079,832,2488,875,3826,118,4819,122,74,24,797,487,203
KS0273,66966,345,0.26,0.79,0.82,23586,7299,31610,1760,20025,12316,151751,353,753,1096,5238,355,2221,16,2592,130,91,20,3853,2094,869
KS0195,67648,391,0,0.43,0.48,9622,7312,23197,1553,24265,5799,151751,150,736,988,3718,443,3441,50,3934,136,67,18,707,487,27
KS0108,67446,433,0,0.3,0.33,14164,5967,79831,1249,72775,5223,151751,34,595,676,520,373,2031,5,2409,44,39,3,301,244,11
KS0155,66949,398,0,0.28,0.49,14041,7315,21882,1453,19695,9779,151751,46,562,1040,2984,260,1532,7,1799,27,16,0,226,116,0
KS0067,67436,336,0,0.4,0.45,16691,7097,24509,2141,18870,7515,151756,69,900,936,1040,38,1057,5,1100,21,17,4,75,71,4
KS0163,66951,439,0,1,1.23,6900,8284,22608,3645,19290,15325,152007,194,443,2222,6886,410,8937,178,9525,191,191,0,2221,2221,0
KS0107,67445,453,0,0.45,0.45,12536,6938,19524,1060,12894,4982,151751,214,484,936,1780,190,1095,35,1320,40,20,10,336,192,22
KS0136,67430,447,0,0.48,0.48,12739,7044,21528,3835,17705,7323,151751,159,220,988,3900,48,3825,1,3874,71,59,0,506,386,0
KS0160,67454,461,0,0.4,0.4,12050,7275,19325,3542,25886,4083,151751,1,496,663,1570,404,1028,150,1582,18,18,0,298,298,0
KS0193,67646,542,0,0.4,0.43,11983,7468,20257,1837,20379,4482,151751,339,576,832,2660,805,2590,584,3979,53,28,6,725,555,12
KS0266,66938,652,0,0.72,0.77,19980,7304,30086,822,28099,8324,151751,86,1023,1144,6500,395,2863,10,3268,20,18,0,877,864,0
KS0171,67490,736,0,0.5,0.5,23750,7383,31766,1921,24710,4030,151751,22,583,1040,2612,95,2500,16,2611,33,24,6,187,133,18
KS0147,67525,718,0,0.53,0.62,30262,7575,42610,1504,29439,9338,151751,12,594,988,4192,990,6181,99,7270,87,50,7,1026,848,9
KS0201,66956,807,0,0.88,0.88,19825,10098,30221,2236,25235,11398,151751,142,930,1736,4196,1229,4115,97,5441,76,40,12,1366,374,101
KS0073,67437,822,0,0.75,0.75,24855,9574,35806,6756,27994,15087,151751,166,1360,1560,6816,1282,5916,1102,8300,24,16,8,145,125,20
KS0187,67455,1202,0,1.43,1.43,47322,10858,66581,3877,65353,10333,151878,116,1529,1956,12520,3939,19004,59,23002,73,59,6,2361,1957,182
KS0016,67548,1356,0,1.53,1.53,49272,10303,60587,8645,61372,12694,151751,363,1028,1690,11760,1036,8798,212,10046,33,27,6,670,644,26
KS0289,67669,1280,0,1.3,1.35,66159,10316,96975,17636,101798,13909,151751,252,885,2288,18856,621,12252,163,13036,125,125,0,2479,2479,0
KS0240,67473,1291,0,1.86,2.06,78941,10358,98372,16642,101889,15657,151751,530,1128,2236,17393,2373,20155,338,22866,146,95,29,3390,2633,486
KS0215,67467,1933,0,1.63,1.73,60605,9730,81617,11695,75761,21378,151751,140,1901,2392,16908,1239,11340,210,12789,105,93,0,1610,1464,0
KS0281,66967,1581,0,1.93,1.93,78404,9951,103421,4950,78411,13588,151751,210,352,2132,8184,938,12755,147,13840,36,27,0,928,491,0
KS0080,67637,2029,0,1,1.15,67782,8489,80468,10751,77178,17198,151751,175,424,2080,5969,1080,3443,116,4639,16,16,0,80,80,0
KS0256,67663,1837,0,1.88,2.41,135520,10753,154746,13301,148797,15140,151751,224,681,2522,15477,3229,13592,321,17142,211,140,26,2834,2318,208
KS0150,67439,2999,0,1,2.75,174125,12233,199403,19282,167104,19816,151751,557,1369,2288,13998,1371,14708,806,16885,201,61,8,1624,965,24
KS0079,67526,1969,1,3.28,3.28,16331,12491,36372,9999,27871,22561,151751,1235,1627,2795,25030,1310,18807,290,20407,287,248,17,10189,6485,2261
KS0021,66935,1887,0,3.2,3.5,161204,12687,212137,17167,199166,18830,151751,1134,2823,2496,23709,2330,40242,187,42759,312,138,13,4590,3396,121
KS0252,67661,2486,0,0.88,2.89,109634,12932,139653,22052,134523,18419,151751,541,2713,2288,15716,1596,21831,535,23962,87,72,9,2677,2143,209
KS0139,67544,2510,0.75,1.5,2.13,95625,12763,109527,20992,104268,19075,151948,841,862,1976,11354,1652,12785,378,14815,48,35,0,700,616,0
KS0257,67420,3726,1,3.7,4.11,224583,13415,242824,40676,195696,24472,151751,768,3782,2392,21205,1825,23149,54,25028,109,107,0,2009,1899,0
KS0270,67665,4463,0,1,3.23,157483,14271,187745,21672,179339,19033,151751,881,1027,2288,22248,1947,18939,733,21619,175,140,10,4201,3683,118
KS0097,66901,4956,1.33,2.55,3.55,236883,25124,274153,31365,262733,40977,151751,655,2923,3022,30029,3341,36194,579,40114,169,107,5,5162,4198,110
KS0158,67550,6562,0,4.13,4.51,218442,1902,224242,36313,224400,43513,151751,705,1359,2088,32688,4601,19493,0,24094,57,39,12,326,230,96
KS0117,67530,15170,1.25,1.25,10.85,721531,30154,755847,44338,688481,44359,151751,1497,4313,3004,112214,10559,121951,1712,134222,499,283,106,20865,15424,2661
KS0131,67601,20852,3,22.5,26.13,1728327,32794,1761121,222801,1615021,110167,153256,9132,15724,3380,173126,40541,180546,38761,259848,1713,976,334,41220,29138,3003
KS0271,67401,46716,7,7,38,2852905,50318,3065476,283651,2795270,212160,492092,20119,27493,3692,270684,52490,427054,18300,497844,2017,758,277,29181,18555,2205
KS0034,66840,208,0,0.3,0.3,13542,4219,18035,2066,15439,7675,108101,143,1150,728,3754,1062,2044,0,3106,127,62,31,492,228,55
KS0075,66849,255,0,0,0,2325,1457,4249,1517,2882,2493,108101,40,382,520,570,7,941,0,948,10,6,4,19,8,11
KS0081,66873,284,0,0.25,0.25,7026,1717,9086,1300,8687,5658,108101,3,405,520,1163,545,734,0,1279,76,38,19,226,79,27
KS0177,66449,436,0,0.43,0.43,4956,3786,8742,1399,14714,3568,108101,11,284,884,1496,7,728,0,735,16,15,1,106,100,6
KS0014,66403,401,0,0.3,0.33,14466,3710,18596,1250,15334,6244,108101,40,301,624,1645,261,1253,0,1514,12,12,0,76,76,0
KS0110,67053,501,0,0.62,0.63,27242,5214,34489,4904,28936,8665,108101,112,704,960,4989,358,7852,0,8210,67,53,3,1423,902,50
KS0140,67451,334,0,0.4,0.4,15200,1988,18909,1290,8208,2674,108101,0,252,820,320,49,1228,0,1277,28,27,0,287,267,0
KS0315,66872,569,0,0,0,11580,5561,21000,3423,15420,10220,108101,0,0,1380,4717,0,2309,0,2309,9,8,1,59,51,8
KS0093,66851,438,0.36,0.36,0.72,15545,1108,21535,1935,12295,3691,108101,40,687,754,1204,199,1263,0,1462,20,3,1,110,14,6
KS0052,66937,515,0,0.5,0.5,18755,4469,25211,3877,21782,3777,151751,0,140,1060,1723,952,1981,0,2933,42,42,0,455,455,0
KS0310,66548,639,0,0.7,0.7,36291,4950,41241,6320,25536,8224,151751,150,1615,1250,3958,225,6065,0,6290,15,13,1,383,360,8
KS0124,66945,651,0,0.55,0.55,24100,4808,28908,7473,21482,15648,151751,0,748,1040,6023,1475,9063,0,10538,15,14,0,141,118,0
KS0305,67487,932,0,5.5,5.6,51996,4631,57605,3400,58178,9919,108101,30,150,1300,6287,33,5647,0,5680,31,20,5,759,548,56
KS0084,67441,794,0,0.5,0.5,16304,5147,22317,2980,18724,15935,108101,0,443,1040,1964,8,1811,0,1819,10,10,1,255,255,8
KS0282,67480,1015,0,0.68,0.71,33206,6342,41182,3665,38919,14541,108101,0,505,1404,4197,127,2597,0,2724,58,58,0,844,844,0
KS0098,66427,695,0,1.28,1.28,55900,4835,60805,7175,60438,15956,151751,590,780,1664,8245,333,10563,0,10896,162,162,0,2413,2413,0
KS0181,66053,9107,2,3,9.3,816100,3974,830926,56495,788139,17673,109176,1683,3667,3016,50150,13851,63125,2904,79880,280,147,23,7174,4596,1045
KS0033,66845,1066,0,0.4,0.4,13772,6701,21094,5115,22346,10691,108101,46,105,832,2613,0,3047,0,3047,42,39,0,1045,951,0
KS0044,67431,1357,0,0.85,0.9,42732,7295,50027,9065,46139,12249,108101,82,793,1768,4831,139,8165,0,8304,56,18,5,445,244,18
KS0024,66411,963,0,0.5,0.5,25410,7342,37331,5663,33406,6918,108101,10,0,1040,7692,0,4245,0,4245,46,35,10,1211,991,170
KS0309,66968,1062,0,0.88,1.51,57718,6996,72896,8030,67421,18723,151751,129,103,1976,8260,2653,8730,0,11383,18,18,0,388,388,0
KS0082,66854,929,0,1,1,27570,365,28385,4124,35625,1664,108101,65,725,1150,7600,1258,19101,0,20359,317,202,77,1435,1255,78
KS0005,66835,1777,0,1.48,1.48,75764,811,77399,12744,70337,18503,108101,26,762,1638,4332,234,7966,0,8200,44,40,4,129,125,4
KS0251,66866,1297,0,0.7,0.73,63552,8802,74054,6108,58309,7398,108101,0,480,1092,3542,673,1681,0,2354,5,3,1,170,70,60
KS0202,66861,1787,0,1,2.13,90855,8003,106592,11187,91569,29397,151751,819,2046,2340,41980,2385,30518,0,32903,109,68,6,4330,1780,210
KS0063,66846,2079,0,2.03,2.03,83889,7754,108597,4705,123665,18827,108101,795,2570,2421,12642,2691,24271,0,26962,134,65,27,2133,1325,91
KS0138,67063,2834,0,2.85,2.9,74543,11568,93449,18350,105346,31809,151751,835,1749,2028,25500,4097,44585,0,48682,147,116,20,5064,2540,319
KS0135,67449,2304,0,0.85,2.09,82769,8685,95351,10208,113827,7987,151751,156,1437,2080,15054,967,13532,0,14499,145,79,16,3165,2310,485
KS0308,66547,4762,0,4.95,10.08,282286,2471,304260,29677,266951,17599,151779,1058,2503,2464,41083,6107,41460,0,47567,282,176,60,8445,7553,511
KS0207,66508,3268,0,3.75,3.75,247709,10407,269683,21304,263131,19936,151751,1079,1769,2366,27560,4284,38791,0,43075,307,233,21,5295,4656,247
KS0049,67432,3989,0,3.3,3.91,191933,9892,210394,27926,225232,35096,151751,433,1369,2704,29633,2647,53217,0,55864,258,103,63,5676,3345,946
KS0001,67410,6300,1.36,6.43,6.89,492171,11967,518275,32061,496621,51454,151751,1318,3971,2652,52787,9607,73541,0,83148,191,139,4,5927,5265,65
KS0258,66536,26409,1.3,10.99,11.14,568679,9254,587393,74591,590880,120537,151751,4648,5517,9906,42016,6235,53186,0,59421,1093,957,10,12219,11400,265
KS0071,66441,32594,2,4,18,909400,10721,991822,111971,1031062,59406,151811,2225,4827,3588,99839,9269,97160,9433,115862,474,265,52,12595,9355,1891
KS0083,66801,29552,7,9.75,15.9,1060664,8539,1107872,86384,955075,60897,151751,2124,5829,3146,115052,17188,150358,0,167546,597,518,23,17271,15888,549
KS0200,66502,54959,8,20.68,43.26,3338981,22616,3797478,435453,3575253,106361,153912,7865,11582,3796,361772,80779,695208,38189,814176,697,444,81,30471,22775,2999
KS0062,66417,163,0,0.38,0.38,7950,8467,16417,2097,9839,4732,108101,48,403,728,890,0,845,48,893,10,10,0,193,193,0
KS0314,66550,362,0,0.51,0.51,7052,12346,20934,2709,20934,8578,108101,177,1278,962,4791,432,3740,23,4195,17,9,4,401,296,12
KS0268,66080,458,0,0.68,0.88,16068,13466,40348,5516,43684,5801,108101,25,1621,1476,5511,356,5398,128,5882,200,90,33,1106,483,114
KS0042,66415,517,0,0.41,0.84,34057,17318,51765,6300,34041,7242,108101,314,829,1742,3356,97,5236,236,5569,279,8,0,1613,483,0
KS0318,66097,1143,0,1.05,1.23,30591,17524,50476,5776,41367,13399,108101,123,1030,2184,4512,537,5119,439,6095,277,262,0,1244,1178,0
KS0017,66424,492,0,0.5,0.53,13290,12373,25663,5910,32175,10109,108101,115,926,1092,1334,224,5105,0,5329,44,35,5,312,249,39
KS0078,66023,521,0,0.73,0.73,28989,12437,48680,4668,42758,7957,108101,21,770,1456,2321,515,3827,175,4517,24,13,11,196,132,64
KS0214,66512,4502,0,1,3.25,283312,3267,296373,32034,255758,13032,151751,608,2763,2678,22336,1279,32783,790,34852,348,272,16,8198,7078,297
KS0245,66524,1022,1,1.43,2.01,83354,21817,134034,14126,128350,14829,108101,805,4666,2310,12276,590,18324,593,19507,64,60,1,1212,1081,21
KS0234,66060,905,0,0.88,1.53,51614,17296,71146,8750,61901,15091,108101,283,4671,1664,31000,388,6287,109,6784,60,43,17,622,525,97
KS0032,66413,890,0,1.38,1.38,53060,17453,77515,7998,79588,10562,108101,603,2449,1650,9987,317,13121,294,13732,91,49,10,1454,1098,95
KS0313,66092,1801,0,1.9,1.9,96259,18115,117576,13686,107751,18824,108213,330,3181,2080,14310,629,35609,0,36238,143,57,8,3497,2300,183
KS0040,66414,1377,0.85,0.85,1.3,43291,17471,62101,9700,70727,7854,108101,143,1555,1768,7850,150,7321,211,7682,56,39,0,1290,733,0
KS0196,66451,1497,0,1.65,1.68,70896,18286,99328,16250,90879,11693,108101,472,2494,2040,9006,424,16034,558,17016,128,95,0,1069,799,0
KS0269,66533,1896,0,2.45,2.5,110155,1575,165750,12250,134071,11137,108101,428,3687,2428,45533,337,25046,1031,26414,257,175,31,5579,4447,207
KS0141,66439,1688,0.85,0.85,1.7,63674,17375,82691,8220,74288,11619,108101,183,1640,1768,12526,298,4861,256,5415,73,58,9,582,510,56
KS0191,66052,4325,1,1,3,251555,2536,261436,28768,237237,9811,151787,516,2936,2723,10958,1735,15982,523,18240,508,84,24,4166,1162,156
KS0241,66066,2136,0.9,0.9,1.83,62274,17502,86522,11310,92882,8757,108228,413,714,2080,12047,1720,16359,831,18910,85,75,0,2055,1975,5
KS0280,66539,2014,0.9,3.5,3.5,110000,1637,181047,17200,163201,8630,108101,165,1277,2652,11961,72,17426,599,18097,162,126,10,3011,2775,39
KS0066,66088,1886,0.98,0.98,1.48,59775,17039,79314,9159,83334,9245,108101,118,1570,2534,10078,233,7542,151,7926,76,66,6,321,271,18
KS0294,66086,5524,1,3,5.5,369099,28922,399860,26477,337208,23177,151751,1353,3215,3328,64685,3764,36571,2811,43146,1563,813,366,52081,30953,14157
KS0204,66534,2564,0,1,2.94,142740,22648,173685,32374,165432,28450,151751,1316,2345,2652,20977,2393,49515,1586,53494,76,60,13,1820,1665,90
KS0277,66538,2052,0,1,2.35,126266,23696,163554,29721,155470,19046,151751,1683,3756,2652,20985,2493,36307,2448,41248,70,62,0,988,856,0
KS0185,66523,2821,1,2,3.8,161483,22926,205916,29743,200813,18280,108101,1614,3005,2652,41240,491,40977,1460,42928,265,206,6,2877,1967,145
KS0015,66006,4691,0.68,1.7,3.58,150640,24410,183365,27540,190214,21710,108101,1020,2445,2808,22985,2984,42884,2608,48476,238,158,31,7606,5998,416
KS0018,66007,11265,2.2,9.7,11,978806,8910,1036216,113689,853470,54115,151751,2394,8070,3328,81353,8426,158536,6412,173374,896,384,135,26943,15121,6624
KS0221,66434,3134,1,5.6,5.6,144164,26830,262994,41460,311794,28364,152062,679,1588,3172,35296,4313,56961,1275,62549,379,172,19,4776,2532,49
KS0087,66025,7755,2,6.3,6.53,354953,25711,405116,38009,309639,13452,151751,506,2057,2704,48011,6397,38520,4747,49664,369,232,68,9512,5688,1663
KS0248,66071,5670,1,6.03,6.21,275716,27514,346855,34701,308556,27865,108101,1277,1828,3120,25200,2836,47014,1593,51443,287,150,14,5629,4662,396
KS0239,66064,4266,0,1,4.45,138100,22186,160286,18011,162986,19353,108101,541,2582,2392,25681,702,29244,287,30233,630,444,149,5132,3209,1278
KS0182,66072,2135,0,2,2,70109,5575,79676,4800,80978,8734,108101,379,2282,2008,8349,212,5596,181,5989,115,77,29,829,634,97
KS0025,66012,7804,2,3,8.53,625246,7894,674021,91726,658185,45786,151751,2371,4759,3328,113011,9604,103408,6773,119785,584,368,28,16210,12759,1890
KS0180,66833,1148,0,0.5,0.5,42483,557,43612,5177,28467,9479,108101,174,498,1196,1112,219,1697,0,1916,70,53,17,333,282,51
KS0244,66067,12267,2.36,2.36,13.31,924822,40833,999100,113010,939690,56960,108101,2318,5480,2912,135305,3881,116346,3494,123721,966,642,50,13223,10797,617
KS0010,66002,10560,2,5,13.5,535555,39718,587008,69353,554102,50444,151751,2858,5837,2964,80254,5187,86641,3303,95131,237,108,24,3702,2555,414
KS0173,66048,36062,4.5,5.5,20.65,1274860,78544,1425860,167110,1370302,74760,151751,3155,9235,3536,116176,15821,196362,15123,227306,592,385,81,10975,9052,422
KS0238,66061,139605,15.58,15.58,61.27,6323571,39152,6693303,781714,6641532,152707,125538,11990,34644,6233,494937,152773,1360973,35545,1549291,1555,718,511,31183,17830,8057
KS0172,66044,97286,20.9,20.9,67.44,4460753,119445,5116756,712442,5030994,145813,132185,17960,21513,3796,639430,120669,1069690,199968,1390327,1378,839,203,52851,37417,5560
KS0295,66604,173589,29,35,182.48,16189390,49629,19917901,1751242,20224488,203451,176245,21064,62372,11771,715507,356625,1791768,127316,2275709,1914,1581,16,46820,35470,625
KS0161,66101,157520,25,25,127.48,8481784,44857,11450345,1088268,9054439,376530,182505,40652,89770,17472,618406,11236,834307,386288,1231831,4273,2190,416,71849,42292,9618
KS0156,66212,450146,52.82,54.5,251.02,36609739,126997,38266873,3322646,37665795,846306,183849,88042,136652,40853,2397326,522623,7598224,269136,8389983,2794,2032,217,91822,66387,6738
KS0112,67736,70,0,0.23,0.23,6698,3021,9754,350,8009,7685,108101,245,1400,441,3885,0,1480,0,1480,10,10,0,151,151,0
KS0153,67643,92,0,0.26,0.26,4456,3826,9968,1003,8960,2947,151751,153,45,402,1481,403,2410,112,2925,15,6,3,509,87,45
KS0231,67653,146,0,0,0,3285,3042,6520,1273,1658,2323,151751,125,870,700,400,455,264,0,719,15,10,5,95,70,25
KS0219,67738,231,0,0.15,0.15,4400,3068,7468,1582,8160,6465,108101,0,0,312,1120,163,725,0,888,4,4,0,34,34,0
KS0114,67737,245,0,0.23,0.23,4640,2822,7462,616,6379,4203,151751,44,99,468,460,551,362,159,1072,25,24,0,377,322,0
KS0175,67645,235,0,0.43,0.43,7526,3867,18167,105,9295,5086,151751,112,207,780,1895,240,1000,351,1591,34,15,7,210,48,32
KS0205,67731,434,0,0.44,0.47,15850,4975,26475,1487,14647,10806,151751,198,1216,892,3067,529,1769,367,2665,9,9,0,208,208,0
KS0002,67622,383,0,0.35,0.35,7053,3910,11752,101,11570,6543,151751,0,164,728,2080,295,845,12,1152,55,55,0,420,420,0
KS0152,67752,1021,0,1.42,2.09,80003,4984,93155,8512,89971,14777,151751,576,1282,2138,14470,887,12268,465,13620,213,80,13,2105,1616,89
KS0278,67758,752,0,1.1,1.1,53227,3718,57767,5626,38053,8498,151751,121,4,2185,8229,613,3570,728,4911,119,80,0,1828,1445,0
KS0285,67756,1294,0,1.4,1.5,44307,6611,54585,6254,48552,13819,151751,243,580,1825,10093,600,7754,523,8877,101,74,7,891,650,12
KS0236,67748,2108,0,3,3,203000,8397,216476,16522,178203,13811,151753,554,735,2600,14922,1633,19483,13830,34946,498,457,0,4820,3395,0
KS0237,67749,1725,0,0.76,2.22,64272,4994,74505,7363,66964,15103,151751,588,1938,2860,15600,1787,28997,604,31388,175,51,3,1425,491,108
KS0233,67654,2768,0,3.25,4.05,154977,6290,182954,17262,181367,55933,151751,1555,1622,2912,74499,3562,33981,5722,43265,533,328,145,4536,3161,198
KS0279,67740,2533,0,1.63,1.68,57974,5894,375751,3488,79252,23250,151751,602,1575,2048,8507,961,16693,379,18033,84,80,0,1097,1014,0
KS0012,67730,2508,0.88,0.88,1.48,55616,711,81747,10511,67264,16113,151751,267,850,2314,10192,2133,11122,0,13255,189,100,51,2200,1484,531
KS0113,67642,2492,0,1,2.18,123536,711,129273,10754,114120,28211,151751,499,1479,2418,18446,1995,12737,0,14732,115,80,1,1328,918,35
KS0304,67672,1738,0,1.68,1.78,76092,1310,79134,4627,59780,18912,151751,444,1312,1560,13486,1322,6067,108,7497,32,24,5,576,535,20
KS0111,67735,4386,0,3.85,4.15,208864,6756,270869,33874,270869,36227,151751,1562,1550,2900,49560,3627,49716,1851,55194,1369,795,254,16933,10944,3330
KS0253,67701,5317,1,1,7.65,295835,8902,361402,24321,354499,40783,151751,2222,2115,3094,68174,5301,51244,2734,59279,1197,495,319,16061,8265,3893
FSCS0001,67159,151,0,0.31,0.31,7577,3741,12255,945,11951,5416,108101,5,889,572,1308,2,1020,0,1022,7,7,0,53,53,0
KS0250,67566,242,0,0.5,0.71,17000,1267,18675,2125,25313,7213,108101,438,1046,1040,3233,0,6473,0,6473,44,37,7,483,450,33
KS0307,67151,231,0,0.2,0.2,6514,2155,8669,6217,8060,3135,108101,24,869,1645,2847,86,767,0,853,12,6,3,58,42,7
KS0293,67581,206,0,0.25,0.25,2411,2648,7208,745,6817,4157,108101,35,189,565,1577,0,440,0,440,12,8,4,96,58,14
KS0126,67057,158,0,0.3,0.3,4637,4876,13828,1861,12461,12639,108414,336,6049,624,1597,158,3277,0,3435,42,24,5,323,207,12
KS0105,67444,257,0,0.38,0.38,9558,3816,13853,291,10922,2651,108101,0,52,780,640,94,922,0,1016,30,30,0,106,106,0
KS0302,67149,487,0,0.3,0.36,7693,3369,14584,1087,8388,3978,108101,6,88,624,756,950,595,0,1545,51,28,6,173,104,4
KS0235,67118,450,0,0.28,0.28,10551,4350,14901,2963,11680,5284,151751,16,76,523,3174,986,6336,0,7322,23,10,1,428,311,18
KS0192,67457,706,0,0.76,0.76,15484,203,16023,4117,24267,13818,108101,0,0,1456,1948,816,0,0,816,80,38,0,200,149,0
KS0298,67583,372,0,0.38,0.38,10925,2875,13800,4360,12583,7755,108101,51,162,780,1404,135,851,0,986,33,20,9,104,83,14
KS0091,67427,359,0,0.9,0.9,7893,104,8253,2094,7165,11742,108101,0,0,1984,13669,84,0,0,84,0,0,0,0,0,0
KS0065,67035,448,0,0.31,0.31,13271,4677,25406,1137,22362,6760,108101,29,411,1014,6230,376,2026,2,2404,84,48,8,1451,1041,48
KS0008,67514,451,0.4,0.4,0.4,11050,3945,16289,2409,13109,8477,108101,0,0,988,1742,194,871,0,1065,3,0,1,254,0,96
KS0198,67557,532,0,0.33,0.33,12133,6015,21260,2640,15849,9025,108101,76,65,676,2550,246,2028,0,2274,40,31,3,883,730,51
KS0262,67570,653,0,2,2,18844,5074,26918,6667,11480,14776,151751,41,2301,2008,10920,373,3368,0,3741,49,30,11,252,221,19
KS0259,67123,640,0,0.6,0.6,16511,4996,21629,2428,18739,4810,108101,74,1607,1248,4135,18,2981,0,2999,22,17,4,601,572,13
KS0176,67074,730,0,0,0,12120,3628,16636,1484,2720,7597,108101,0,33,208,900,19,414,0,433,10,8,1,226,151,60
KS0316,67154,723,0,1.95,1.98,60150,13284,75447,9863,77686,10764,108101,729,2260,1924,13383,718,24022,0,24740,164,97,14,2828,2049,109
KS0283,67140,476,0,0.28,0.28,5219,2893,8408,1304,7618,5982,108101,15,246,572,739,222,720,0,942,28,28,0,267,267,0
KS0011,67009,563,0,0.48,0.51,8000,4791,15426,2103,17580,12660,108101,120,650,980,1420,122,1813,0,1935,29,22,3,162,116,12
KS0069,67004,616,0,0.28,0.38,15100,278,15678,1091,10707,18305,108101,18,549,884,1324,474,700,0,1174,56,28,14,150,97,45
KS0203,67464,756,0,0.43,0.43,17600,5715,24297,3893,29116,7622,108101,0,388,812,2225,263,2256,0,2519,47,28,0,299,244,0
KS0299,67146,714,0,0.45,0.45,6229,204,10466,0,10002,4426,108101,0,643,868,1185,279,580,0,859,22,11,0,161,103,0
KS0036,67020,856,0,0,0.48,19000,5981,25926,2351,20264,7079,108101,366,941,988,5700,858,1835,0,2693,104,52,52,771,667,104
KS0148,67546,1333,0,0.64,0.94,28541,9425,45559,3913,43258,16195,108101,27,1521,1584,11145,674,31202,0,31876,45,41,2,772,697,25
KS0225,67108,1028,0,0.63,0.63,29363,4374,40481,14681,38267,14247,108101,463,1846,1248,3362,489,2695,0,3184,14,14,0,143,143,0
KS0246,67119,1005,0,0.93,0.93,47830,7079,55819,5189,42174,10957,108101,62,747,1854,3204,452,4384,0,4836,46,33,0,682,580,0
KS0130,67543,1196,0,1.5,1.75,49566,7601,59645,9259,53216,15794,108101,142,926,1508,7800,281,7059,0,7340,70,42,14,1065,721,149
KS0039,67428,932,0,0.5,0.5,27745,5000,32745,2251,11977,4636,108101,30,168,861,3550,1721,816,0,2537,117,56,30,1115,426,398
KS0030,67522,1286,0,0.91,1.01,55562,6317,75379,9738,56796,13212,108101,113,1569,1750,10000,342,18796,0,19138,65,44,1,2111,1827,20
KS0229,67561,1007,0,0.75,0.75,21191,5528,27460,568,27436,7450,108101,153,884,1560,2198,322,2202,0,2524,64,64,6,234,234,7
KS0230,67578,956,0,0.63,1.13,32990,4780,62935,337,39782,9218,108101,0,0,1144,3532,158,2336,0,2494,86,28,15,1737,539,176
KS0037,67022,998,0,0.35,0.73,22645,8192,50901,4724,44383,9842,108101,102,555,1200,5622,369,7090,0,7459,65,14,1,683,259,24
KS0167,67070,941,0,0.5,0.55,18924,375,21794,4485,23872,16771,108101,132,245,780,8000,548,8517,0,9065,6,6,0,76,76,0
KS0059,67031,1217,0,0.4,0.4,15070,5909,21823,3773,24063,11184,108101,44,0,728,2295,1564,2781,0,4345,10,10,0,566,566,0
KS0297,67144,1460,0,1.63,2.23,46702,419,47121,12515,57846,13802,108101,125,2407,1352,5741,327,7500,0,7827,32,22,9,736,645,72
KS0224,67107,1864,1,1.37,2.13,92000,13917,116625,12676,109671,18474,151751,283,1263,2600,18783,7181,25445,0,32626,227,184,6,3030,2292,96
KS0186,67135,1641,0,0.8,0.8,36636,8023,54537,6359,30510,9942,108101,48,712,1536,9724,1204,10446,0,11650,34,28,6,348,284,64
KS0145,67576,1188,0,1,3,28500,9594,40811,22210,42414,37245,151785,472,1256,3042,25698,1184,18752,0,19936,893,598,198,12702,10327,897
KS0045,67025,2761,0,1.2,1.25,69900,16212,95226,6718,86098,17120,108101,116,946,1914,25222,1178,19084,0,20262,37,32,3,1089,1066,14
KS0127,67058,1333,0,1.2,1.2,61160,10456,77789,7567,82707,6555,108101,191,802,2210,9929,1140,12555,0,13695,173,96,38,1842,1370,238
KS0051,67026,2543,0.9,1.65,2.45,106392,14174,124185,7447,96699,16184,151983,740,1969,1872,22620,4744,17254,0,21998,266,234,28,6252,4399,874
KS0058,67030,2370,0,1,2,103600,7917,116192,13791,103375,16401,108101,63,962,2144,11234,717,23751,0,24468,77,77,0,2504,2504,0
KS0020,67013,1568,0.6,1.1,1.1,50690,7283,61079,8439,61364,6205,108101,37,664,1820,5715,326,7053,0,7379,102,71,2,1071,839,6
KS0109,67052,4724,1,3.18,3.18,147877,18467,181421,27197,171721,22894,151751,541,1360,2860,28308,3360,39126,62,42548,94,62,17,4413,4122,161
KS0121,67056,2025,0,1,1.75,92454,11702,113367,10649,98861,18628,151751,233,858,2272,9513,4875,11220,0,16095,53,49,2,984,942,17
KS0287,67579,2210,0,1,1.88,61220,11556,82057,6393,78344,27207,151751,124,3341,2600,15735,3183,31835,0,35018,118,97,21,2170,2096,74
KS0072,67039,2463,0,1,1.85,123698,14156,146874,20185,105833,23063,151751,328,1302,2132,18088,2176,13734,0,15910,114,86,14,2039,1739,159
KS0006,67003,2099,0,2.25,2.6,68776,9531,87001,14218,136312,32507,108101,916,971,2444,13878,385,11036,0,11421,51,40,8,550,508,30
KS0188,67104,1854,0,1,3.86,115554,12096,142360,15417,127848,15803,151878,587,2017,2348,18292,4348,25837,0,30185,79,76,1,1589,1407,62
KS0137,67062,3734,1,3.1,3.83,225582,23152,268601,27923,221097,38325,151751,1288,2673,2697,40372,13198,82379,0,95577,191,129,10,5550,3570,225
KS0190,67456,3288,0,1.38,1.48,58051,39887,114195,10849,81689,14936,151751,489,1323,2326,16158,3293,17164,0,20457,135,107,1,1847,1500,28
KS0164,67068,2906,0,3.75,3.98,136908,17825,175963,16653,176913,28611,151751,397,3818,2600,31107,2625,55225,0,57850,328,286,34,8204,7138,957
KS0099,67002,13278,1,6,8.85,502000,53199,637831,69899,552917,40022,151922,3454,4921,2961,107483,24991,161779,0,186770,301,296,4,12850,12733,97
KS0197,67554,3511,0,0.75,2.43,67795,13612,103898,8692,106300,25351,108101,722,927,2664,13352,411,10894,0,11305,132,105,8,2787,2468,27
KS0166,67054,2516,0,2.58,2.62,113987,708,117770,9426,89027,41061,108101,593,2530,3422,8100,1129,24717,0,25846,107,106,0,1321,1304,0
KS0076,67147,7313,0,2.19,4.79,261394,25559,295760,42586,281922,40166,151751,2696,1863,2392,54033,9296,48351,149,57796,367,227,15,12775,10616,188
KS0226,67110,6416,1,1,7.35,397653,27822,494012,62282,495682,24048,152094,610,3766,2638,60481,7701,42697,888,51286,608,419,65,13061,10516,1013
KS0013,67010,9342,0,1,6.8,379815,30733,436355,29016,442298,31088,151805,1208,4270,2780,43412,9127,57725,5372,72224,288,187,17,4040,2376,140
KS0312,67152,7748,1,1,8.13,245050,17503,287971,17977,292907,32887,151751,821,840,2692,18605,5360,19911,0,25271,224,95,76,4296,2343,931
KS0132,67060,11264,0,8.55,8.55,372708,17040,407964,20476,444751,62598,108101,1719,2457,3166,116988,2423,22886,8922,34231,318,217,19,3880,2553,120
KS0260,67124,9378,0,1,5,312733,2719,392330,35896,369001,18255,151751,984,3124,2704,74497,8638,48934,0,57572,98,39,26,2308,1002,230
KS0026,67042,12993,2,3,9.45,497356,38081,573803,68317,520193,46548,151751,2729,4533,3120,84333,15618,105091,0,120709,245,184,23,6155,5387,190
KS0320,67156,12057,0,5,8.3,536070,50863,613945,45738,548227,59160,151768,1420,5090,3286,83268,10524,101756,8996,121276,286,208,25,11677,8374,1348
KS0211,67460,13077,1,1,12,893170,48239,968302,83720,900715,81386,108101,3614,3334,3432,120153,7903,139003,0,146906,533,379,74,12142,9903,987
KS0068,67037,24721,1,5,19.15,1568457,109905,1850225,312674,1801699,96346,151755,13889,17279,3484,189174,42877,346008,11150,400035,534,325,58,21691,14208,1530
KS0007,67005,11793,0,4,6.83,355637,41562,421219,41199,416715,35547,152363,1020,2518,2844,35079,6436,50055,0,56491,72,47,14,2342,1691,590
KS0228,67114,18746,2,2,10.1,781848,76374,915184,142759,857056,83563,151751,3994,8062,3432,99623,20143,145201,15698,181042,753,239,142,10864,5616,2106
KS0144,67501,40623,5,5,38,1952913,157284,2186197,395230,2119951,257479,110443,7223,9397,3640,295166,60345,344871,613,405829,893,852,24,23853,22274,242
KS0319,67203,389255,30,31,112,9462325,309759,10081881,832988,9636530,489288,128313,27349,45129,18282,1030152,257936,1745655,0,2003591,5429,1592,119,77913,52133,3881
KS0272,66772,102,0,0.33,0.41,5506,8804,17404,1026,16479,4407,108101,160,1266,658,3115,290,3797,97,4184,45,24,5,758,497,29
KS0134,66746,133,0,0.4,0.4,1604,7972,15313,468,15259,3797,108101,96,247,832,1795,194,946,1,1141,104,70,20,315,159,35
KS0090,67047,148,0,0.2,0.2,2718,6850,11663,450,6340,2495,108101,8,194,416,459,14,138,0,152,9,6,3,4,3,1
KS0261,66767,537,0,0.63,0.63,10771,7682,23284,1578,18726,8946,108101,0,2062,1300,4352,0,3179,0,3179,5,4,1,7,7,0
KS0306,66780,228,0,0.3,0.3,5900,64,5964,255,7155,1280,108101,0,1332,624,2286,0,2102,0,2102,3,2,1,20,10,10
KS0223,67354,375,0,0.75,0.75,6000,6968,12968,3807,14118,4630,108101,14,647,1196,7292,0,2874,0,2874,62,40,20,1559,1254,289
KS0122,66853,243,0,0.6,0.6,7470,70,7936,353,15668,7432,108101,0,980,1248,2183,11,2964,64,3039,55,27,5,256,183,22
KS0119,67346,187,0,0.3,0.3,3410,6964,10529,1576,9681,4543,108101,124,300,522,1225,398,1209,84,1691,35,13,6,63,33,7
KS0027,66716,309,0,0.45,0.45,13395,8210,22849,1695,16339,6354,108101,38,759,936,1852,174,3435,0,3609,154,32,5,1278,150,21
KS0296,66777,267,0,0.45,0.45,10850,7720,21071,700,13673,5362,108101,0,2363,936,5000,43,2568,8,2619,106,51,51,581,280,281
KS0056,66015,410,0,0.23,0.23,3428,6949,10377,1437,6480,4775,108101,37,897,2236,1603,206,1366,0,1572,21,14,6,444,292,131
KS0077,67342,410,0,0.44,0.57,22237,9830,32367,2853,22306,4711,108101,227,298,1164,3139,27,3459,194,3680,50,44,6,235,221,14
KS0209,66753,762,0,0.55,0.65,32313,7754,55650,1650,67581,9763,108168,45,972,1144,5381,177,8011,175,8363,143,114,26,1029,761,208
KS0004,66710,380,0,0.48,0.48,5541,6977,14987,365,11939,3823,108101,0,568,988,1560,77,1805,0,1882,3,3,0,95,95,0
KS0217,67353,321,0,0.33,0.33,10000,5712,17712,2467,10917,16815,108101,356,885,676,4003,111,8227,125,8463,79,16,5,347,87,0
KS0101,66776,464,0,0.53,0.53,13242,9410,24558,3331,26509,5852,108101,144,1019,1196,3907,335,3345,255,3935,34,28,0,475,192,0
KS0220,66755,514,0,0.5,0.58,11541,8583,20548,1499,18239,5195,108101,255,1001,800,2401,112,2213,136,2461,80,37,34,297,147,96
KS0184,66010,486,0,0.75,0.75,34561,5160,43293,3700,42293,5710,108101,0,2253,1560,3340,0,3233,0,3233,14,14,0,45,45,0
KS0206,66056,2057,0,4.1,4.1,234918,583,237844,25407,281021,10195,108101,447,1994,2418,12792,575,16286,0,16861,1197,431,192,5943,1229,323
KS0041,67024,517,0,0.69,0.69,16494,9345,27713,4296,28448,5385,108101,48,3259,1664,5249,240,5555,0,5795,139,113,13,2094,1579,304
KS0142,67349,602,0,0.88,0.96,34600,9017,44882,6414,49842,8586,108101,46,562,1022,4735,563,5632,0,6195,65,34,12,725,419,50
KS0311,66781,639,0,1.03,1.03,19428,7672,29263,986,25143,5738,108101,55,1109,2054,5422,1032,3976,248,5256,33,28,2,650,518,38
KS0199,66860,629,0,0.69,0.78,32208,9083,42668,3593,39244,9520,108101,62,433,1170,1924,723,5877,137,6737,37,33,0,724,385,0
KS0116,66771,883,0,0.8,1,47177,8447,55680,1247,51342,7550,108101,124,601,2080,6716,77,3356,0,3433,29,15,7,174,138,10
KS0003,67330,1030,0,0.6,0.6,39586,7137,52402,4937,30712,12050,108101,558,1084,1248,998,330,3040,0,3370,40,24,8,90,62,9
KS0189,66075,1818,0.4,0.93,2.87,153664,7740,167276,8197,143828,8319,108101,357,1993,2106,11249,497,11899,255,12651,102,59,5,1471,1079,62
KS0275,67361,1016,0,0.88,1.58,35000,6294,44447,3850,28850,17108,108101,463,821,1638,3500,492,5179,156,5827,35,35,0,350,350,0
KS0086,66733,1085,0,1,1.55,67450,1110,75914,6110,62257,12360,108101,226,455,2236,10253,642,5040,0,5682,135,80,10,710,510,30
KS0183,66040,2567,0,2.73,2.86,401299,2802,404430,34183,401863,33504,462844,962,2832,2352,35625,621,15645,7861,24127,513,309,9,8891,5154,347
KS0047,67336,1035,0,0.5,0.5,11650,8102,19752,2010,16258,7116,108101,0,152,1040,4296,47,893,0,940,21,19,0,115,106,0
KS0179,66087,7139,1,6.75,9.87,482122,5047,526598,57448,502514,20117,151751,1360,5317,7488,29566,1714,34899,1450,38063,172,132,26,4483,4175,153
KS0321,66783,1346,0,1,2,61993,10988,72981,6685,72981,12912,108102,101,1375,2158,8898,0,13303,0,13303,31,25,4,486,442,24
KS0242,67356,1698,0,0.8,1.18,25584,10464,110428,5866,68259,10710,108101,212,1343,1430,7821,446,17162,0,17608,17,12,2,211,167,9
KS0143,66748,1789,0,1.88,1.98,89742,10195,101991,13648,101991,20666,108101,377,1998,2340,15488,405,17022,0,17427,36,23,2,730,631,30
KS0038,67333,1991,0,2.15,2.15,66830,12139,78969,7753,54645,13052,108101,348,1994,1776,19675,1228,12835,668,14731,1135,571,284,3422,1910,369
KS0046,67335,2152,0,1,1.88,68447,10832,91151,2548,67229,10301,108101,68,1134,2210,22491,906,12668,259,13833,1233,599,330,2440,1202,567
KS0100,66736,2264,0,1,3.7,100502,14126,164072,14932,152589,24932,151751,226,1780,2600,20826,2842,41238,211,44291,24,24,0,552,552,0
KS0106,66743,2702,0,4.38,4.76,242275,15681,289284,11554,300890,38868,108101,3090,6187,2496,44227,929,21919,812,23660,391,215,108,4268,2791,786
KS0103,66032,3262,0,3.7,3.95,203882,15940,232012,23024,195760,30812,151751,900,1594,2652,29172,3453,50877,788,55118,125,76,15,2285,1723,78
KS0088,67045,2373,1,1,2.25,74872,11344,135341,9162,141672,22478,459524,561,1973,1950,17059,2077,25467,0,27544,40,27,3,444,312,29
KS0303,66757,2310,0,3.04,3.24,90617,11957,134486,10834,120532,17978,108101,778,1840,2392,52614,609,35166,0,35775,247,129,17,2828,1615,418
KS0057,66725,3070,0,1,2.18,122480,19091,147139,14615,157371,18896,108101,976,1015,2600,9600,966,13990,521,15477,75,55,0,1479,1004,0
KS0102,66739,2875,0,1.2,1.55,62055,9258,71313,11702,67160,29253,108101,917,38,2238,6483,173,4457,0,4630,37,25,8,921,736,109
KS0157,66713,3944,0,1,2.45,135422,14053,155385,7600,166995,15321,108101,231,397,2288,5466,669,7929,445,9043,129,78,2,1801,1668,2
KS0149,66749,5312,0.33,2.33,5.38,224733,16834,332328,23660,297485,30951,108101,2324,2251,2934,40556,3096,62581,1740,67417,168,77,28,2068,1256,103
KS0095,66701,7765,1,2,5.1,252330,19741,286208,38975,257931,25603,151751,709,818,2600,30120,4165,41137,1463,46765,331,214,48,5512,4622,315
KS0053,66839,8233,2,18.75,21.08,1246412,2342,1286180,82238,1201719,86217,153143,3959,12573,14963,141274,7802,108891,3541,120234,3644,2278,394,32914,20435,2968
KS0043,66720,9018,1,1,6.63,494792,23485,641394,50843,511040,65273,108101,3991,6233,3224,83996,3928,115913,3000,122841,239,155,23,4717,3697,135
KS0146,67301,12362,4,4,9.68,579386,10427,704979,60678,707099,43360,151751,1279,5243,2056,70075,8690,80413,6033,95136,717,339,132,17164,10667,2949
KS0249,67357,9665,0,1,6.78,460075,24517,500965,42611,393024,67134,108101,2813,5889,2840,54390,4649,60816,3233,68698,568,208,110,6730,2597,562
KS0054,67337,9366,3,3,11,373515,23694,414523,55524,401175,52937,108101,1544,1401,2758,72396,2471,65920,464,68855,76,23,8,1153,867,39
KS0254,66762,20178,2,9,17.35,889055,43939,1130797,69508,1046007,58968,109143,3067,5309,3328,109472,10269,159237,11523,181029,559,230,117,27572,19284,3520
KS0125,67849,196,0,0.33,0.33,10389,5347,16524,2512,16258,5171,108101,113,584,696,1550,174,1692,0,1866,31,19,10,195,150,31
KS0061,67837,298,0,0.5,0.5,13333,84,13417,1171,14327,6323,108101,0,475,1000,2225,272,1312,0,1584,10,10,0,116,111,5
KS0169,67859,2130,0,0.75,1,47676,1269,54469,3098,47398,7665,108101,117,325,1456,2460,395,3853,0,4248,19,9,0,463,266,0
KS0267,67572,268,0,0.53,0.53,15945,6807,22752,1397,14186,9531,108101,182,1149,1092,2482,768,2228,0,2996,120,120,0,956,956,0
KS0096,67844,532,0,0.68,0.74,26724,6963,33933,3678,34005,7468,108101,213,702,1404,8346,890,1850,0,2740,46,37,3,563,475,51
KS0284,67876,1124,0,1.5,1.5,68917,11016,83046,6370,80493,25626,108101,397,2729,1508,6138,697,9166,0,9863,51,43,4,478,366,13
KS0213,67552,522,0,0.48,0.48,18068,6882,25101,4973,23711,16149,108101,184,881,988,1135,182,1368,0,1550,5,5,0,58,58,0
KS0216,67865,684,0,0.98,0.98,23100,6274,52561,19115,46121,10857,108101,49,394,1352,2005,122,6405,0,6527,43,35,8,325,285,40
KS0029,67834,783,0,1.85,3.2,77672,15295,95330,10512,95331,22704,108101,647,1639,2080,29085,255,9451,1,9707,126,126,0,973,973,0
KS0263,67127,627,0,0.75,0.95,41600,1659,43259,2792,40663,8834,108101,144,156,1560,700,788,2925,0,3713,17,12,4,69,59,6
KS0154,67854,822,0,1.13,1.26,72850,6727,79791,4400,55407,8128,108101,169,304,1820,15600,148,9694,0,9842,56,55,1,116,94,6
KS0009,67831,779,0,1.75,1.75,23332,11412,118650,4342,170906,17220,108101,319,1300,2175,9730,497,7821,0,8318,84,78,4,1411,1371,25
KS0218,67867,1541,0,0.88,1.36,59212,433,65163,6105,63464,15023,108101,281,1188,1152,8718,791,27383,0,28174,152,136,0,2553,2311,0
KS0255,67869,1446,0,1.8,2.18,112094,11620,126242,15417,121765,19539,108101,230,968,1846,9383,608,7384,0,7992,74,64,6,964,743,123
KS0074,67870,1599,0,1.13,1.24,105868,1112,115914,10586,106038,18635,108101,384,1080,1872,16395,432,10265,0,10697,199,141,8,2367,1947,31
KS0048,67835,2211,0,2.38,4.31,201380,1274,217275,26110,212093,29321,151776,2000,3000,3692,115000,5368,29573,0,34941,225,173,17,15165,13275,115
KS0123,67878,2607,1,3,3.4,218143,1402,228294,11836,241180,14647,108101,953,1288,2184,28912,2320,12702,0,15022,560,422,89,9486,7697,1521
KS0055,67029,1121,0.88,1.13,1.13,98010,977,99487,4250,79377,12897,108101,25,50,2340,3102,1401,2690,0,4091,30,28,0,210,198,0
KS0212,67864,1565,0,2.35,2.35,102744,14043,130384,15366,110012,27250,108101,666,2667,2106,14615,410,21612,0,22022,53,34,7,1136,877,119
KS0128,67877,1950,0,1,2.3,225818,1213,230767,11064,174952,23979,108101,632,449,2106,15889,707,10470,0,11177,65,55,0,1511,1425,0
KS0118,67879,1227,0,0.9,2.15,99500,1006,105610,10505,94578,13976,108101,1124,1809,1162,8164,509,15610,0,16119,129,110,13,1407,774,477
KS0165,67547,1376,0,2.05,2.05,112501,25104,151269,11343,149148,25748,108101,995,2186,2184,12063,433,12430,0,12863,196,101,51,3490,1474,981
KS0227,67560,1338,0,2,2.05,146133,14221,163869,16457,140927,18707,108101,650,1299,1898,10865,875,11908,0,12783,73,59,0,2595,1503,0
KS0286,67855,1987,0,1.25,4.93,312935,2191,331685,20781,272896,26505,108101,982,2312,2678,47275,1355,15316,0,16671,164,143,0,4299,3438,0
KS0170,67839,1560,0,1.6,1.6,77917,1094,88577,4784,78807,19828,108101,606,2146,2392,21035,1274,15113,0,16387,179,110,47,3181,2870,148
KS0317,67861,2105,0,1.25,1.25,64618,1855,70643,9646,70498,18220,108101,304,462,2262,8883,308,9674,0,9982,78,62,9,954,902,25
KS0222,67950,2667,0,4.75,4.75,192000,780,203211,7307,167311,45024,108101,1279,2946,3491,61215,1047,23824,0,24871,191,153,25,2846,2403,227
KS0162,67860,3943,0,2,3.35,316118,2978,325686,16841,293662,30020,151751,2830,5678,2340,15860,2994,32669,0,35663,82,41,20,1996,1694,71
KS0288,67951,5559,2,4,4.5,356453,2748,399211,35860,393379,38210,108101,3615,5371,2709,203473,5467,44257,0,49724,181,123,0,5507,5021,0
KS0274,67871,4897,0,2.38,3.91,212000,2063,229972,23324,205771,47029,108101,2804,1137,2236,34672,4051,69404,0,73455,304,238,38,29338,28838,63
KS0115,67880,7336,0,6,6.5,514927,2843,539061,43265,504625,63825,108101,4331,4713,2268,35399,1251,78585,0,79836,338,228,49,5687,4714,542
KS0178,67901,19495,1,8,12.75,588993,27478,705002,44350,683458,57295,108101,2382,3737,3068,106065,5195,65204,0,70399,373,235,64,6966,4133,1432
KS0070,67801,27329,4,7,22.38,1417116,35395,1797609,101127,1272916,69137,152042,5817,8947,2836,142598,17583,108877,283,126743,169,131,9,4415,3542,185
KS0092,67846,36611,1,1,13.5,910229,10782,998016,121778,1017559,97128,108101,4184,14261,3627,122421,3689,99771,9159,112619,681,408,118,23195,20849,1175
KS0301,66544,102,0,0,0,2212,3351,5563,3694,5432,4965,108101,92,802,624,1182,0,990,0,990,7,7,0,552,552,0
KS0022,66408,373,0,0.6,0.6,24542,12552,37956,6423,33242,9840,108101,507,1228,1040,1911,122,3438,184,3744,12,8,0,80,70,0
KS0276,67757,213,0,0,0,3940,3060,14825,1064,12686,2692,151751,40,105,312,636,283,594,71,948,29,11,5,397,183,48
KS0323,66712,1434,0,0.85,0.85,32735,9282,42017,6394,41125,9078,108101,118,1578,1768,21601,364,6636,6,7006,17,14,3,227,221,6
KS0326,67050,900,0,0.33,0.33,30600,256,30856,8097,24318,5712,108101,83,95,676,3216,828,7144,0,7972,24,20,4,403,340,63
KS0333,67133,3965,0,1,1.78,131595,12010,143605,5547,134398,11324,108101,309,954,2288,5095,1312,9304,0,10616,120,81,13,4713,3477,251
KS0334,66095,397,0,0.8,1.15,25162,17077,44150,5480,41891,14379,108101,69,1775,1664,7562,149,6806,174,7129,228,152,68,880,697,118
KS0342,66531,954,0,0.48,0.63,28227,4937,34844,4422,25346,3583,108101,103,441,1248,5244,74,3402,0,3476,99,70,16,1368,980,118
KS8010,66406,189,0,0,0,1670,1404,3474,0,1920,9242,108101,30,91,468,624,0,916,0,916,0,0,0,0,0,0
KS8011,66076,821,0,0.9,1.6,41733,17222,65231,6954,63781,6950,108101,4,1549,2080,6760,469,3632,94,4195,233,226,4,4140,4060,40
KS8001,66940,629,0,0.6,0.6,27700,5933,33633,4029,21823,4450,151751,180,300,1248,698,51,622,17,690,20,19,0,44,19,0
KS8002,66436,3248,0,2.75,2.95,124778,22689,171559,16564,168850,23581,108101,689,2211,2615,28900,1138,45770,1189,48097,203,164,25,2320,1909,209
KS8003,67649,184,0,0.25,0.25,6938,6036,14470,2965,10948,2626,151751,0,613,520,686,47,1224,0,1271,7,6,0,120,85,0
KS8004,67219,7730,0,1.25,4.25,251406,24680,282786,27487,276086,28620,151751,515,2496,2652,28600,6420,28919,0,35339,54,42,5,736,531,42
KS8006,67001,1800,0,0.63,0.76,34548,6739,47307,5341,44528,19167,108101,56,951,752,2522,771,10721,0,11492,82,53,15,1594,1117,141
KS8007,66054,844,0,0.88,1.17,23476,17601,43302,6328,49630,3322,108101,18,529,1872,5154,501,5154,322,5977,63,39,24,891,692,199
KS8008,66043,11964,1,2,3.7,321999,4831,345167,37651,308438,16947,151751,583,3511,3380,47907,2566,49136,1826,53528,252,215,2,3299,2906,9
KS8009,67352,302,0,0.3,0.3,19775,6358,26578,150,14261,3144,108101,73,335,624,1085,168,1227,0,1395,2,1,1,68,34,34
KS0345,66039,387,0,0.43,0.43,12192,7226,19623,1953,17723,2461,108101,10,648,832,1885,147,2855,39,3041,57,36,16,189,149,22
